price,type_local,surface_bati,surface_terrain,date,nb_pieces,type_local_1234
112560.0,Appartement,45.0,1.0,10,2,1
65000.0,Appartement,29.0,1.0,8,1,1
9000.0,Local industriel. commercial ou assimilé,12.0,1.0,9,0,3
133000.0,Appartement,49.0,1.0,7,2,1
53000.0,Appartement,14.0,1.0,3,1,1
75000.0,Appartement,61.0,1.0,2,4,1
129000.0,Appartement,81.0,1.0,6,3,1
162200.0,Appartement,105.0,1.0,9,4,1
117610.0,Appartement,40.0,1.0,13,2,1
166600.0,Appartement,75.0,1.0,3,4,1
87000.0,Appartement,54.0,1.0,8,2,1
192500.0,Appartement,45.0,1.0,10,2,1
49900.0,Appartement,16.0,1.0,6,1,1
345000.0,Appartement,108.0,1.0,9,4,1
233550.0,Appartement,65.0,1.0,8,3,1
232100.0,Local industriel. commercial ou assimilé,143.0,158.0,7,0,3
232100.0,Appartement,45.0,158.0,7,2,1
320000.0,Appartement,106.0,1.0,9,5,1
167200.0,Appartement,68.0,1.0,14,3,1
172000.0,Appartement,74.0,1.0,7,3,1
135000.0,Appartement,40.0,1.0,14,1,1
177500.0,Appartement,90.0,1.0,13,3,1
115000.0,Appartement,55.0,1.0,10,2,1
161850.0,Appartement,45.0,1.0,17,2,1
122000.0,Appartement,75.0,1.0,7,3,1
186000.0,Local industriel. commercial ou assimilé,736.0,1.0,8,0,3
130000.0,Appartement,52.0,1.0,14,2,1
160000.0,Local industriel. commercial ou assimilé,73.0,1.0,6,0,3
254340.0,Maison,82.0,1.0,10,3,4
90000.0,Appartement,38.0,1.0,10,2,1
70000.0,Appartement,27.0,1.0,13,1,1
177000.0,Local industriel. commercial ou assimilé,736.0,1.0,8,0,3
89000.0,Local industriel. commercial ou assimilé,736.0,1.0,8,0,3
209160.0,Appartement,73.0,1.0,13,3,1
160700.0,Appartement,48.0,1.0,14,2,1
74000.0,Appartement,46.0,1.0,14,2,1
179600.0,Appartement,38.0,1.0,13,2,1
269000.0,Local industriel. commercial ou assimilé,3.0,1.0,16,0,3
269000.0,Local industriel. commercial ou assimilé,70.0,1.0,16,0,3
137880.0,Local industriel. commercial ou assimilé,61.0,1.0,10,0,3
138000.0,Appartement,57.0,1.0,17,2,1
47000.0,Appartement,16.0,1.0,14,1,1
126900.0,Appartement,57.0,1.0,20,3,1
403000.0,Appartement,86.0,84.0,15,4,1
403000.0,Dépendance,0.0,84.0,15,0,2
24000.0,Local industriel. commercial ou assimilé,9.0,1.0,20,0,3
73000.0,Appartement,86.0,1.0,23,4,1
242000.0,Appartement,59.0,1.0,6,3,1
87000.0,Appartement,53.0,1.0,20,3,1
65650.0,Appartement,34.0,1.0,6,1,1
186000.0,Appartement,59.0,1.0,24,3,1
70000.0,Appartement,55.0,1.0,22,2,1
133000.0,Appartement,126.0,1.0,23,6,1
120000.0,Appartement,42.0,1.0,13,2,1
95000.0,Appartement,58.0,1.0,23,2,1
89000.0,Maison,25.0,67.0,23,2,4
171650.0,Appartement,67.0,1.0,24,3,1
111900.0,Appartement,40.0,1.0,24,1,1
224000.0,Appartement,96.0,1.0,20,2,1
289500.0,Appartement,79.0,1.0,20,3,1
95500.0,Local industriel. commercial ou assimilé,736.0,1.0,10,0,3
89000.0,Local industriel. commercial ou assimilé,736.0,1.0,10,0,3
95000.0,Appartement,37.0,1.0,21,2,1
103700.0,Appartement,48.0,1.0,13,2,1
165210.0,Appartement,58.0,1.0,20,3,1
229000.0,Appartement,73.0,1.0,6,3,1
392000.0,Appartement,100.0,1.0,15,4,1
80000.0,Appartement,32.0,1.0,21,1,1
134600.0,Appartement,43.0,1.0,23,2,1
67000.0,Appartement,63.0,1.0,8,2,1
124700.0,Appartement,18.0,1.0,8,1,1
124700.0,Appartement,17.0,1.0,8,1,1
143500.0,Appartement,32.0,1.0,8,1,1
115000.0,Appartement,65.0,1.0,22,3,1
85000.0,Appartement,56.0,1.0,13,2,1
270000.0,Appartement,67.0,1.0,14,4,1
210000.0,Appartement,92.0,1.0,17,5,1
680000.0,Maison,42.0,868.0,21,3,4
680000.0,Appartement,18.0,868.0,21,1,1
680000.0,Appartement,9.0,868.0,21,1,1
680000.0,Appartement,11.0,868.0,21,1,1
680000.0,Appartement,49.0,868.0,21,2,1
680000.0,Local industriel. commercial ou assimilé,60.0,868.0,21,0,3
680000.0,Appartement,18.0,868.0,21,1,1
680000.0,Local industriel. commercial ou assimilé,45.0,299.0,21,0,3
680000.0,Appartement,90.0,299.0,21,4,1
680000.0,Appartement,90.0,299.0,21,2,1
680000.0,Local industriel. commercial ou assimilé,45.0,299.0,21,0,3
680000.0,Local industriel. commercial ou assimilé,90.0,299.0,21,0,3
69000.0,Appartement,66.0,1.0,27,3,1
260000.0,Appartement,75.0,1.0,22,4,1
150000.0,Appartement,49.0,1.0,27,2,1
20000.0,Appartement,12.0,1.0,30,1,1
77500.0,Appartement,30.0,1.0,27,1,1
150000.0,Local industriel. commercial ou assimilé,117.0,1.0,24,0,3
110000.0,Appartement,103.0,1.0,24,5,1
1300000.0,Appartement,47.0,1.0,16,2,1
1300000.0,Appartement,62.0,1.0,16,3,1
1300000.0,Appartement,45.0,1.0,16,2,1
1300000.0,Appartement,42.0,1.0,16,2,1
1300000.0,Appartement,62.0,1.0,16,3,1
1300000.0,Appartement,45.0,1.0,16,2,1
1300000.0,Appartement,42.0,1.0,16,2,1
1300000.0,Appartement,62.0,1.0,16,3,1
1300000.0,Appartement,45.0,1.0,16,2,1
1300000.0,Appartement,42.0,1.0,16,2,1
1300000.0,Appartement,62.0,1.0,16,3,1
150500.0,Appartement,75.0,1.0,17,3,1
156000.0,Appartement,64.0,1.0,23,3,1
105000.0,Appartement,70.0,1.0,27,3,1
75000.0,Appartement,42.0,1.0,8,2,1
238000.0,Appartement,86.0,1.0,28,4,1
367000.0,Appartement,64.0,1.0,20,2,1
66000.0,Appartement,20.0,1.0,21,1,1
163000.0,Local industriel. commercial ou assimilé,87.0,1.0,22,0,3
245000.0,Appartement,92.0,1.0,20,4,1
86360.0,Appartement,51.0,1.0,24,3,1
79120.0,Appartement,24.0,1.0,24,1,1
45000.0,Appartement,50.0,1.0,28,1,1
143800.0,Appartement,42.0,1.0,27,2,1
110000.0,Appartement,30.0,1.0,8,2,1
110000.0,Appartement,30.0,1.0,8,2,1
256000.0,Appartement,65.0,1.0,10,3,1
309040.0,Dépendance,0.0,476.0,10,0,2
309040.0,Maison,99.0,476.0,10,5,4
309040.0,Dépendance,0.0,476.0,10,0,2
118750.0,Appartement,34.0,1.0,10,1,1
243000.0,Appartement,81.0,1.0,28,3,1
141000.0,Appartement,58.0,1.0,6,2,1
156300.0,Appartement,75.0,1.0,16,3,1
140000.0,Local industriel. commercial ou assimilé,98.0,1.0,7,0,3
150000.0,Appartement,50.0,1.0,30,2,1
248500.0,Appartement,85.0,1.0,30,4,1
235640.0,Appartement,73.0,1.0,20,3,1
276000.0,Appartement,63.0,1.0,34,3,1
262100.0,Appartement,83.0,1.0,17,3,1
71500.0,Appartement,26.0,1.0,30,1,1
234855.0,Appartement,71.0,1.0,9,3,1
93800.0,Appartement,54.0,1.0,13,3,1
160000.0,Appartement,58.0,1.0,29,2,1
184500.0,Appartement,100.0,1.0,31,4,1
178100.0,Appartement,78.0,1.0,14,4,1
178100.0,Appartement,60.0,1.0,14,3,1
178100.0,Appartement,32.0,1.0,14,2,1
178100.0,Local industriel. commercial ou assimilé,40.0,1.0,14,0,3
81350.0,Appartement,37.0,1.0,31,1,1
136500.0,Appartement,68.0,1.0,17,4,1
228000.0,Appartement,62.0,1.0,34,3,1
99000.0,Appartement,42.0,1.0,22,2,1
75000.0,Appartement,21.0,1.0,24,1,1
118500.0,Local industriel. commercial ou assimilé,736.0,1.0,17,0,3
190000.0,Appartement,81.0,1.0,10,5,1
125150.0,Appartement,54.0,1.0,30,2,1
273385.0,Appartement,79.0,1.0,23,4,1
314000.0,Appartement,102.0,1.0,34,3,1
96000.0,Appartement,83.0,1.0,30,4,1
105500.0,Appartement,59.0,1.0,15,2,1
200000.0,Appartement,50.0,1.0,23,3,1
65000.0,Appartement,31.0,1.0,22,1,1
210700.0,Appartement,52.0,1.0,24,2,1
93100.0,Appartement,30.0,1.0,24,1,1
247000.0,Local industriel. commercial ou assimilé,67.0,1.0,34,0,3
120000.0,Appartement,72.0,1.0,29,3,1
113760.0,Appartement,26.0,1.0,15,1,1
80000.0,Local industriel. commercial ou assimilé,24.0,1.0,30,0,3
80000.0,Local industriel. commercial ou assimilé,55.0,1.0,30,0,3
60500.0,Appartement,14.0,1.0,27,1,1
76250.0,Appartement,25.0,1.0,17,1,1
74000.0,Appartement,56.0,1.0,36,3,1
131050.0,Appartement,68.0,1.0,29,4,1
262500.0,Appartement,62.0,1.0,37,3,1
262500.0,Appartement,10.0,1.0,37,0,1
223250.0,Appartement,135.0,1.0,23,5,1
62000.0,Appartement,20.0,1.0,34,1,1
140000.0,Appartement,90.0,1.0,29,4,1
65500.0,Local industriel. commercial ou assimilé,18.0,1.0,38,0,3
145000.0,Appartement,44.0,1.0,29,2,1
170000.0,Appartement,46.0,1.0,30,2,1
111700.0,Appartement,54.0,1.0,16,2,1
103800.0,Appartement,57.0,1.0,28,3,1
246377.0,Appartement,76.0,1.0,24,3,1
130000.0,Appartement,73.0,1.0,17,3,1
130000.0,Appartement,63.0,1.0,17,2,1
200000.0,Appartement,80.0,1.0,23,4,1
151397.0,Appartement,33.0,1.0,28,1,1
102000.0,Appartement,27.0,1.0,21,2,1
156500.0,Appartement,62.0,1.0,28,2,1
210000.0,Appartement,87.0,1.0,34,4,1
151000.0,Appartement,60.0,1.0,35,3,1
86000.0,Appartement,55.0,1.0,30,2,1
310000.0,Local industriel. commercial ou assimilé,195.0,1.0,34,0,3
310000.0,Local industriel. commercial ou assimilé,12.0,1.0,34,0,3
310000.0,Local industriel. commercial ou assimilé,12.0,1.0,34,0,3
310000.0,Local industriel. commercial ou assimilé,12.0,1.0,34,0,3
65000.0,Appartement,46.0,1.0,21,2,1
241400.0,Appartement,64.0,1.0,34,3,1
241400.0,Appartement,10.0,1.0,34,0,1
135000.0,Appartement,64.0,1.0,16,3,1
205000.0,Appartement,72.0,1.0,13,3,1
552400.0,Maison,132.0,453.0,22,5,4
265000.0,Appartement,100.0,1.0,20,4,1
115000.0,Appartement,47.0,1.0,37,2,1
80000.0,Appartement,37.0,1.0,21,1,1
51480.0,Appartement,36.0,1.0,15,1,1
120000.0,Appartement,82.0,1.0,17,4,1
98955.0,Appartement,42.0,1.0,30,2,1
215490.0,Appartement,77.0,1.0,38,3,1
200000.0,Appartement,66.0,1.0,17,2,1
135000.0,Appartement,48.0,1.0,27,2,1
238000.0,Appartement,59.0,1.0,29,2,1
38000.0,Local industriel. commercial ou assimilé,39.0,1.0,31,0,3
70000.0,Appartement,42.0,1.0,30,2,1
176000.0,Appartement,55.0,1.0,27,2,1
155000.0,Local industriel. commercial ou assimilé,236.0,1.0,16,0,3
228500.0,Appartement,85.0,1.0,41,3,1
127500.0,Appartement,50.0,1.0,24,2,1
648000.0,Appartement,125.0,1.0,36,3,1
90000.0,Appartement,50.0,1.0,38,2,1
108000.0,Appartement,44.0,1.0,44,2,1
70000.0,Appartement,35.0,1.0,30,1,1
435000.0,Local industriel. commercial ou assimilé,242.0,1.0,20,0,3
130240.0,Appartement,53.0,1.0,37,2,1
120000.0,Appartement,56.0,1.0,29,3,1
170340.0,Appartement,38.0,1.0,41,2,1
445000.0,Appartement,218.0,1.0,22,7,1
253500.0,Appartement,68.0,1.0,21,3,1
104000.0,Appartement,57.0,1.0,35,2,1
160000.0,Appartement,70.0,1.0,36,4,1
153555.0,Appartement,67.0,1.0,42,3,1
55000.0,Appartement,40.0,1.0,20,2,1
165000.0,Appartement,72.0,1.0,38,3,1
200000.0,Local industriel. commercial ou assimilé,150.0,1.0,21,0,3
85000.0,Appartement,58.0,1.0,37,3,1
122500.0,Appartement,55.0,1.0,44,3,1
300000.0,Local industriel. commercial ou assimilé,726.0,1.0,29,0,3
298000.0,Appartement,101.0,1.0,38,4,1
95000.0,Appartement,63.0,1.0,41,4,1
84000.0,Appartement,40.0,1.0,35,2,1
70000.0,Appartement,32.0,1.0,44,1,1
90060.0,Appartement,70.0,1.0,38,4,1
307000.0,Appartement,76.0,1.0,37,3,1
95000.0,Appartement,38.0,1.0,43,1,1
70000.0,Appartement,35.0,1.0,21,1,1
143000.0,Local industriel. commercial ou assimilé,40.0,1.0,35,0,3
184000.0,Appartement,86.0,1.0,36,4,1
183200.0,Appartement,72.0,1.0,49,3,1
185800.0,Appartement,72.0,1.0,28,3,1
85500.0,Appartement,32.0,1.0,45,2,1
205000.0,Appartement,24.0,1.0,30,2,1
205000.0,Appartement,16.0,1.0,30,1,1
205000.0,Appartement,16.0,1.0,30,1,1
177000.0,Local industriel. commercial ou assimilé,7.0,1.0,30,0,3
177000.0,Local industriel. commercial ou assimilé,98.0,1.0,30,0,3
177000.0,Local industriel. commercial ou assimilé,7.0,1.0,30,0,3
247500.0,Appartement,52.0,1.0,49,2,1
94000.0,Appartement,68.0,1.0,43,4,1
178200.0,Appartement,70.0,1.0,31,3,1
300000.0,Appartement,85.0,1.0,23,2,1
87500.0,Appartement,25.0,1.0,45,1,1
147700.0,Appartement,50.0,1.0,31,2,1
109200.0,Appartement,43.0,1.0,43,2,1
261790.0,Maison,92.0,332.0,31,4,4
261790.0,Dépendance,0.0,332.0,31,0,2
80000.0,Appartement,38.0,1.0,29,1,1
104500.0,Appartement,41.0,1.0,45,1,1
122500.0,Local industriel. commercial ou assimilé,60.0,1.0,44,0,3
225000.0,Appartement,80.0,1.0,43,2,1
251000.0,Appartement,97.0,1.0,44,4,1
110000.0,Appartement,42.0,1.0,44,3,1
95000.0,Appartement,65.0,1.0,44,3,1
119290.0,Appartement,63.0,1.0,43,4,1
76500.0,Appartement,22.0,1.0,48,1,1
25000.0,Local industriel. commercial ou assimilé,12.0,1.0,48,0,3
110000.0,Appartement,70.0,1.0,52,4,1
161400.0,Appartement,64.0,1.0,52,3,1
100000.0,Appartement,56.0,1.0,42,2,1
138000.0,Appartement,67.0,1.0,55,4,1
115000.0,Appartement,63.0,1.0,55,3,1
61000.0,Appartement,30.0,1.0,27,1,1
740000.0,Local industriel. commercial ou assimilé,424.0,473.0,30,0,3
740000.0,Local industriel. commercial ou assimilé,381.0,473.0,30,0,3
740000.0,Local industriel. commercial ou assimilé,12.0,1.0,30,0,3
740000.0,Local industriel. commercial ou assimilé,12.0,1.0,30,0,3
740000.0,Local industriel. commercial ou assimilé,12.0,1.0,30,0,3
740000.0,Local industriel. commercial ou assimilé,12.0,1.0,30,0,3
740000.0,Local industriel. commercial ou assimilé,12.0,1.0,30,0,3
740000.0,Local industriel. commercial ou assimilé,12.0,1.0,30,0,3
740000.0,Local industriel. commercial ou assimilé,12.0,1.0,30,0,3
740000.0,Local industriel. commercial ou assimilé,12.0,1.0,30,0,3
740000.0,Local industriel. commercial ou assimilé,12.0,1.0,30,0,3
740000.0,Local industriel. commercial ou assimilé,12.0,1.0,30,0,3
204350.0,Appartement,77.0,1.0,37,3,1
288000.0,Appartement,80.0,1.0,29,4,1
40000.0,Local industriel. commercial ou assimilé,24.0,1.0,49,0,3
125000.0,Appartement,29.0,1.0,30,1,1
84000.0,Appartement,29.0,1.0,43,1,1
213200.0,Appartement,66.0,1.0,38,4,1
100000.0,Appartement,35.0,1.0,51,1,1
138050.0,Appartement,75.0,1.0,29,3,1
152900.0,Appartement,55.0,1.0,48,2,1
179000.0,Appartement,84.0,1.0,50,4,1
125000.0,Appartement,101.0,1.0,49,5,1
184860.0,Appartement,81.0,1.0,43,3,1
126000.0,Appartement,38.0,1.0,41,1,1
225000.0,Appartement,65.0,1.0,49,3,1
135800.0,Appartement,45.0,1.0,43,2,1
43750.0,Appartement,75.0,1.0,41,3,1
43750.0,Appartement,75.0,1.0,41,3,1
55000.0,Appartement,56.0,1.0,36,3,1
96000.0,Appartement,69.0,1.0,48,3,1
94000.0,Appartement,50.0,1.0,51,2,1
149000.0,Appartement,48.0,1.0,51,2,1
80000.0,Local industriel. commercial ou assimilé,105.0,1.0,52,0,3
305000.0,Appartement,74.0,1.0,52,4,1
111000.0,Appartement,66.0,1.0,45,4,1
118500.0,Appartement,65.0,1.0,48,3,1
32000.0,Local industriel. commercial ou assimilé,736.0,1.0,34,0,3
137500.0,Appartement,60.0,1.0,35,2,1
104000.0,Appartement,66.0,1.0,35,4,1
155000.0,Appartement,50.0,1.0,30,2,1
44000.0,Appartement,18.0,1.0,35,1,1
102000.0,Local industriel. commercial ou assimilé,80.0,1.0,50,0,3
225000.0,Appartement,77.0,1.0,58,3,1
202060.0,Appartement,75.0,1.0,49,3,1
110010.0,Appartement,56.0,1.0,48,3,1
81000.0,Appartement,39.0,1.0,50,1,1
37000.0,Appartement,14.0,1.0,31,1,1
270000.0,Appartement,63.0,1.0,31,3,1
176300.0,Appartement,66.0,1.0,31,4,1
147760.0,Appartement,39.0,1.0,37,1,1
87000.0,Appartement,36.0,1.0,37,1,1
551640.0,Appartement,109.0,1.0,30,4,1
105000.0,Appartement,60.0,1.0,35,3,1
89300.0,Appartement,28.0,1.0,35,1,1
67000.0,Appartement,21.0,1.0,30,1,1
62500.0,Appartement,38.0,1.0,34,1,1
175000.0,Appartement,43.0,1.0,37,1,1
175000.0,Appartement,67.0,1.0,37,2,1
263150.0,Appartement,87.0,1.0,55,4,1
307000.0,Appartement,132.0,1.0,55,1,1
71000.0,Appartement,40.0,1.0,49,1,1
245320.0,Appartement,129.0,1.0,17,4,1
102000.0,Appartement,53.0,1.0,55,3,1
160000.0,Appartement,23.0,1.0,56,1,1
160000.0,Appartement,16.0,1.0,56,1,1
160000.0,Appartement,16.0,1.0,56,1,1
118000.0,Appartement,55.0,1.0,16,2,1
140000.0,Appartement,43.0,1.0,59,1,1
55000.0,Appartement,56.0,1.0,28,3,1
139500.0,Appartement,68.0,1.0,37,3,1
80000.0,Appartement,53.0,1.0,59,3,1
255000.0,Appartement,93.0,1.0,50,5,1
260000.0,Appartement,80.0,1.0,49,3,1
155000.0,Appartement,67.0,1.0,42,3,1
386000.0,Appartement,93.0,1.0,48,4,1
105000.0,Appartement,79.0,1.0,45,4,1
125000.0,Appartement,25.0,1.0,49,2,1
120000.0,Appartement,59.0,1.0,45,4,1
189500.0,Appartement,50.0,1.0,41,2,1
190000.0,Appartement,90.0,1.0,37,2,1
133700.0,Appartement,56.0,1.0,52,3,1
105000.0,Appartement,63.0,1.0,41,2,1
105000.0,Appartement,73.0,1.0,41,3,1
99500.0,Appartement,45.0,1.0,52,2,1
293314.0,Appartement,88.0,1.0,42,4,1
89000.0,Appartement,68.0,1.0,38,4,1
161400.0,Appartement,72.0,1.0,52,5,1
70500.0,Appartement,25.0,1.0,59,1,1
255000.0,Appartement,84.0,1.0,55,4,1
90000.0,Appartement,56.0,1.0,38,3,1
520000.0,Appartement,57.0,1.0,51,4,1
206350.0,Appartement,73.0,1.0,55,2,1
74400.0,Local industriel. commercial ou assimilé,19.0,1.0,37,0,3
76318.0,Local industriel. commercial ou assimilé,19.0,1.0,37,0,3
210200.0,Appartement,119.0,1.0,41,5,1
107000.0,Appartement,66.0,1.0,59,4,1
93477.0,Appartement,90.0,1.0,36,4,1
219150.0,Appartement,89.0,1.0,55,3,1
199621.61,Appartement,130.0,1.0,36,4,1
76000.0,Appartement,25.0,1.0,51,1,1
113000.0,Appartement,63.0,1.0,50,4,1
152000.0,Appartement,53.0,1.0,59,2,1
38550.0,Appartement,52.0,1.0,59,2,1
242000.0,Appartement,53.0,1.0,45,3,1
308500.0,Appartement,76.0,1.0,56,3,1
80000.0,Appartement,36.0,1.0,58,2,1
87170.0,Appartement,52.0,1.0,30,2,1
75000.0,Appartement,38.0,1.0,44,1,1
256900.0,Appartement,74.0,1.0,31,3,1
85000.0,Local industriel. commercial ou assimilé,49.0,1.0,44,0,3
62000.0,Appartement,36.0,1.0,64,1,1
97200.0,Appartement,58.0,1.0,37,3,1
187000.0,Appartement,95.0,1.0,59,4,1
86500.0,Appartement,28.0,1.0,51,1,1
130000.0,Appartement,69.0,1.0,42,4,1
255000.0,Appartement,101.0,1.0,56,4,1
137700.0,Appartement,68.0,1.0,55,4,1
11300.0,Appartement,80.0,1.0,43,4,1
96700.0,Appartement,37.0,1.0,52,1,1
72000.0,Appartement,67.0,1.0,59,3,1
500.0,Appartement,90.0,1.0,63,4,1
160000.0,Appartement,101.0,1.0,51,5,1
77960.0,Local industriel. commercial ou assimilé,18.0,1.0,56,0,3
174000.0,Appartement,119.0,1.0,45,5,1
65000.0,Appartement,24.0,1.0,51,1,1
146400.0,Appartement,85.0,1.0,51,4,1
180000.0,Appartement,66.0,1.0,56,3,1
214700.0,Appartement,83.0,1.0,48,4,1
146000.0,Appartement,81.0,1.0,62,5,1
142400.0,Appartement,53.0,1.0,48,2,1
136890.0,Appartement,55.0,1.0,59,3,1
154000.0,Appartement,65.0,1.0,57,3,1
96000.0,Appartement,53.0,1.0,57,2,1
227300.0,Appartement,85.0,1.0,50,3,1
145000.0,Appartement,66.0,1.0,63,3,1
175000.0,Appartement,66.0,1.0,56,4,1
324702.0,Appartement,108.0,1.0,52,4,1
103500.0,Appartement,51.0,1.0,36,2,1
49840.0,Appartement,24.0,1.0,52,1,1
121500.0,Appartement,47.0,1.0,43,2,1
357000.0,Dépendance,0.0,135.0,52,0,2
357000.0,Local industriel. commercial ou assimilé,95.0,135.0,52,0,3
357000.0,Appartement,75.0,135.0,52,3,1
357000.0,Appartement,25.0,135.0,52,1,1
219000.0,Appartement,77.0,1.0,63,4,1
254350.0,Appartement,104.0,1.0,49,5,1
55000.0,Appartement,16.0,1.0,50,1,1
6993792.0,Local industriel. commercial ou assimilé,7692.0,22017.0,51,0,3
85000.0,Appartement,50.0,1.0,70,2,1
241100.0,Appartement,73.0,1.0,45,1,1
150000.0,Appartement,60.0,1.0,49,1,1
145000.0,Appartement,56.0,1.0,59,2,1
226555.0,Appartement,71.0,1.0,45,2,1
297000.0,Appartement,99.0,1.0,50,5,1
76000.0,Appartement,33.0,1.0,62,1,1
85000.0,Appartement,52.0,1.0,63,3,1
175000.0,Appartement,81.0,1.0,50,4,1
249680.0,Appartement,80.0,1.0,58,2,1
117450.0,Appartement,39.0,1.0,56,1,1
130000.0,Appartement,57.0,1.0,49,2,1
125000.0,Local industriel. commercial ou assimilé,97.0,1.0,63,0,3
327000.0,Appartement,100.0,1.0,51,4,1
193000.0,Appartement,83.0,1.0,63,3,1
85000.0,Appartement,42.0,1.0,71,2,1
386300.0,Appartement,134.0,1.0,65,5,1
386300.0,Appartement,15.0,1.0,65,0,1
256500.0,Appartement,114.0,1.0,30,4,1
63000.0,Appartement,30.0,1.0,73,1,1
475800.0,Appartement,115.0,1.0,69,5,1
42000.0,Appartement,30.0,1.0,69,1,1
125000.0,Appartement,32.0,1.0,64,2,1
125000.0,Appartement,60.0,1.0,64,3,1
125000.0,Local industriel. commercial ou assimilé,40.0,1.0,64,0,3
125000.0,Appartement,78.0,1.0,64,4,1
347500.0,Appartement,94.0,1.0,64,4,1
160000.0,Appartement,61.0,1.0,64,2,1
53000.0,Appartement,18.0,1.0,66,1,1
101950.0,Appartement,43.0,1.0,69,2,1
196000.0,Appartement,62.0,1.0,71,3,1
85000.0,Appartement,41.0,1.0,49,2,1
136000.0,Appartement,67.0,1.0,55,4,1
76000.0,Appartement,21.0,1.0,52,1,1
116750.0,Appartement,42.0,1.0,56,1,1
128500.0,Appartement,58.0,1.0,48,2,1
41000.0,Appartement,13.0,1.0,50,1,1
231100.0,Appartement,74.0,1.0,56,3,1
281500.0,Appartement,118.0,1.0,73,4,1
341700.0,Appartement,113.0,1.0,71,4,1
114000.0,Appartement,46.0,1.0,50,2,1
140050.0,Appartement,55.0,1.0,65,2,1
125000.0,Appartement,35.0,1.0,57,2,1
330700.0,Appartement,129.0,1.0,66,3,1
180000.0,Appartement,85.0,1.0,69,4,1
107000.0,Appartement,46.0,1.0,64,2,1
125000.0,Appartement,46.0,1.0,51,2,1
55000.0,Appartement,17.0,1.0,44,1,1
230450.0,Appartement,86.0,1.0,70,4,1
54850.0,Local industriel. commercial ou assimilé,15.0,1.0,59,0,3
50000.0,Appartement,33.0,1.0,56,1,1
163000.0,Appartement,55.0,1.0,73,3,1
186000.0,Appartement,100.0,1.0,56,4,1
150000.0,Local industriel. commercial ou assimilé,152.0,1.0,66,0,3
53000.0,Local industriel. commercial ou assimilé,95.0,1.0,62,0,3
95555.0,Appartement,45.0,1.0,70,2,1
107500.0,Appartement,47.0,1.0,72,2,1
240000.0,Local industriel. commercial ou assimilé,100.0,1.0,52,0,3
240000.0,Local industriel. commercial ou assimilé,300.0,1.0,52,0,3
90000.0,Appartement,46.0,1.0,70,2,1
138000.0,Local industriel. commercial ou assimilé,77.0,1.0,72,0,3
72580.0,Appartement,30.0,1.0,69,1,1
201100.0,Appartement,67.0,1.0,66,2,1
110000.0,Maison,54.0,1.0,63,2,4
273150.0,Appartement,83.0,1.0,64,4,1
140000.0,Appartement,61.0,1.0,58,4,1
195700.0,Appartement,89.0,1.0,55,4,1
222000.0,Appartement,79.0,1.0,69,3,1
275500.0,Local industriel. commercial ou assimilé,65.0,80.0,70,0,3
275500.0,Appartement,43.0,80.0,70,2,1
275500.0,Appartement,43.0,80.0,70,2,1
325470.0,Appartement,110.0,1.0,70,4,1
52610.0,Appartement,16.0,1.0,59,1,1
225000.0,Appartement,67.0,1.0,50,4,1
147150.0,Appartement,66.0,1.0,72,3,1
67000.0,Appartement,18.0,1.0,58,1,1
259200.0,Appartement,87.0,1.0,73,4,1
130000.0,Appartement,54.0,1.0,71,2,1
100700.0,Appartement,30.0,1.0,71,1,1
399000.0,Appartement,95.0,1.0,72,4,1
61400.0,Appartement,26.0,1.0,70,1,1
79000.0,Appartement,34.0,1.0,72,1,1
327010.0,Appartement,110.0,1.0,55,4,1
249000.0,Appartement,97.0,1.0,72,4,1
116360.0,Appartement,84.0,1.0,63,5,1
113000.0,Appartement,49.0,1.0,63,3,1
214775.0,Appartement,85.0,1.0,66,3,1
84500.0,Appartement,56.0,1.0,52,3,1
41500.0,Appartement,10.0,1.0,66,1,1
81000.0,Appartement,18.0,1.0,52,1,1
102500.0,Appartement,39.0,1.0,76,2,1
102500.0,Appartement,29.0,1.0,76,1,1
150000.0,Appartement,63.0,1.0,80,3,1
100500.0,Appartement,35.0,1.0,71,1,1
191000.0,Appartement,53.0,1.0,77,2,1
321700.0,Appartement,96.0,1.0,59,4,1
124000.0,Appartement,75.0,1.0,72,2,1
102000.0,Appartement,62.0,1.0,52,4,1
129000.0,Appartement,44.0,1.0,51,3,1
48500.0,Appartement,14.0,1.0,80,1,1
106750.0,Appartement,30.0,1.0,63,2,1
95000.0,Appartement,36.0,1.0,73,2,1
100.0,Dépendance,0.0,4259.0,76,0,2
100.0,Maison,120.0,4259.0,76,5,4
100.0,Dépendance,0.0,4259.0,76,0,2
834600.0,Maison,120.0,4259.0,76,5,4
834600.0,Dépendance,0.0,4259.0,76,0,2
834600.0,Dépendance,0.0,4259.0,76,0,2
100000.0,Appartement,45.0,1.0,76,2,1
88000.0,Appartement,45.0,1.0,70,2,1
145500.0,Appartement,56.0,1.0,71,3,1
100000.0,Appartement,49.0,1.0,52,1,1
265000.0,Appartement,111.0,1.0,65,4,1
342000.0,Appartement,250.0,1.0,58,6,1
7500.0,Appartement,38.0,1.0,65,1,1
104922.0,Appartement,57.0,1.0,58,2,1
198500.0,Appartement,72.0,1.0,65,3,1
365000.0,Maison,89.0,326.0,58,3,4
205710.0,Appartement,85.0,1.0,49,3,1
195000.0,Appartement,101.0,1.0,77,4,1
126000.0,Local industriel. commercial ou assimilé,80.0,1.0,79,0,3
75000.0,Local industriel. commercial ou assimilé,60.0,1.0,72,0,3
145000.0,Local industriel. commercial ou assimilé,230.0,377.0,85,0,3
325000.0,Appartement,132.0,1.0,69,4,1
142000.0,Appartement,75.0,1.0,66,3,1
88600.0,Appartement,47.0,1.0,83,2,1
260000.0,Maison,62.0,510.0,83,4,4
87885.0,Appartement,63.0,1.0,71,3,1
105000.0,Appartement,44.0,1.0,80,2,1
193000.0,Appartement,60.0,1.0,80,2,1
193000.0,Appartement,22.0,1.0,80,1,1
120000.0,Appartement,46.0,1.0,80,2,1
123000.0,Appartement,101.0,1.0,80,5,1
198420.0,Appartement,79.0,1.0,71,3,1
59100.0,Appartement,13.0,1.0,64,1,1
213610.0,Appartement,60.0,1.0,64,2,1
109000.0,Appartement,46.0,1.0,76,2,1
227000.0,Appartement,80.0,1.0,78,3,1
88000.0,Appartement,67.0,1.0,73,4,1
100000.0,Appartement,40.0,1.0,83,2,1
70000.0,Appartement,17.0,1.0,66,1,1
138000.0,Appartement,34.0,1.0,64,1,1
68000.0,Appartement,40.0,1.0,65,2,1
96500.0,Appartement,49.0,1.0,70,2,1
140000.0,Appartement,51.0,1.0,77,2,1
112000.0,Appartement,62.0,1.0,76,2,1
37000.0,Appartement,28.0,1.0,78,1,1
105000.0,Appartement,75.0,1.0,66,3,1
478000.0,Appartement,112.0,1.0,86,5,1
88000.0,Appartement,52.0,1.0,71,2,1
219000.0,Appartement,75.0,1.0,78,3,1
132000.0,Appartement,21.0,1.0,78,1,1
132000.0,Appartement,18.0,1.0,78,1,1
128000.0,Appartement,31.0,1.0,77,1,1
128000.0,Appartement,30.0,1.0,77,1,1
121100.0,Appartement,28.0,1.0,72,1,1
170000.0,Local industriel. commercial ou assimilé,46.0,1.0,79,0,3
220500.0,Appartement,129.0,1.0,76,5,1
231800.0,Appartement,87.0,1.0,73,3,1
106000.0,Appartement,68.0,1.0,24,4,1
116000.0,Appartement,44.0,1.0,73,2,1
48000.0,Appartement,12.0,1.0,70,1,1
89000.0,Appartement,58.0,1.0,72,2,1
68000.0,Appartement,25.0,1.0,79,1,1
151450.0,Appartement,60.0,1.0,73,3,1
137000.0,Appartement,57.0,1.0,87,3,1
130000.0,Appartement,60.0,1.0,84,3,1
60000.0,Local industriel. commercial ou assimilé,46.0,1.0,77,0,3
388000.0,Appartement,97.0,1.0,79,3,1
165000.0,Appartement,75.0,1.0,76,3,1
122000.0,Appartement,84.0,1.0,78,5,1
174000.0,Appartement,32.0,1.0,87,2,1
625000.0,Appartement,45.0,247.0,83,2,1
625000.0,Appartement,18.0,247.0,83,1,1
625000.0,Appartement,15.0,247.0,83,1,1
625000.0,Appartement,26.0,247.0,83,1,1
625000.0,Appartement,35.0,247.0,83,2,1
625000.0,Appartement,45.0,247.0,83,2,1
625000.0,Appartement,20.0,247.0,83,1,1
70000.0,Appartement,21.0,1.0,85,1,1
204610.0,Appartement,60.0,1.0,77,2,1
204610.0,Local industriel. commercial ou assimilé,40.0,1.0,77,0,3
135000.0,Local industriel. commercial ou assimilé,24.0,1.0,38,0,3
135000.0,Appartement,21.0,1.0,38,1,1
90000.0,Appartement,18.0,1.0,70,1,1
290000.0,Appartement,94.0,1.0,77,4,1
341000.0,Appartement,122.0,1.0,77,4,1
168600.0,Appartement,57.0,1.0,57,3,1
57000.0,Appartement,38.0,1.0,70,1,1
105450.0,Appartement,49.0,1.0,85,3,1
52000.0,Appartement,68.0,1.0,83,3,1
82070.0,Appartement,68.0,1.0,84,3,1
141650.0,Appartement,50.0,1.0,80,2,1
69400.0,Appartement,25.0,1.0,72,1,1
165230.0,Appartement,64.0,1.0,83,3,1
455550.0,Appartement,110.0,1.0,86,4,1
138000.0,Appartement,42.0,1.0,70,2,1
87000.0,Appartement,34.0,1.0,85,1,1
177000.0,Appartement,95.0,1.0,76,3,1
236550.0,Appartement,129.0,1.0,86,4,1
87000.0,Appartement,89.0,1.0,80,5,1
42000.0,Appartement,15.0,1.0,76,1,1
100000.0,Appartement,51.0,1.0,90,2,1
80000.0,Appartement,43.0,1.0,79,2,1
129150.0,Local industriel. commercial ou assimilé,11.0,1.0,85,0,3
129150.0,Appartement,38.0,1.0,85,2,1
196375.0,Appartement,61.0,1.0,84,2,1
209000.0,Appartement,112.0,1.0,85,3,1
291800.0,Appartement,120.0,1.0,84,5,1
120000.0,Appartement,48.0,1.0,83,2,1
120000.0,Appartement,72.0,1.0,70,3,1
140000.0,Appartement,72.0,1.0,83,3,1
213150.0,Appartement,100.0,1.0,84,4,1
221000.0,Dépendance,0.0,572.0,79,0,2
221000.0,Dépendance,0.0,572.0,79,0,2
221000.0,Appartement,50.0,572.0,79,2,1
221000.0,Appartement,50.0,572.0,79,2,1
182000.0,Appartement,90.0,1.0,79,4,1
162000.0,Appartement,65.0,1.0,93,3,1
72000.0,Appartement,22.0,1.0,92,1,1
42160.3,Appartement,68.0,1.0,94,3,1
105000.0,Appartement,64.0,1.0,78,3,1
170000.0,Local industriel. commercial ou assimilé,60.0,1.0,79,0,3
281500.0,Appartement,95.0,1.0,71,4,1
88200.0,Appartement,60.0,1.0,72,3,1
95500.0,Appartement,33.0,1.0,83,2,1
231500.0,Appartement,87.0,1.0,85,4,1
300000.0,Appartement,141.0,1.0,72,4,1
197382.0,Appartement,58.0,1.0,80,2,1
54000.0,Appartement,18.0,1.0,86,1,1
70000.0,Local industriel. commercial ou assimilé,116.0,1.0,83,0,3
75600.0,Appartement,48.0,1.0,79,2,1
70000.0,Appartement,28.0,1.0,87,1,1
54500.0,Appartement,17.0,1.0,87,1,1
157000.0,Appartement,70.0,1.0,83,3,1
313500.0,Local industriel. commercial ou assimilé,102.0,1.0,90,0,3
130000.0,Local industriel. commercial ou assimilé,100.0,1.0,78,0,3
310000.0,Appartement,96.0,1.0,86,5,1
131000.0,Appartement,59.0,1.0,94,2,1
97000.0,Appartement,36.0,1.0,87,2,1
44000.0,Appartement,20.0,1.0,85,1,1
55500.0,Appartement,35.0,1.0,87,2,1
77000.0,Appartement,33.0,1.0,90,2,1
130000.0,Appartement,58.0,1.0,80,3,1
185000.0,Appartement,81.0,1.0,86,3,1
165000.0,Appartement,89.0,1.0,73,4,1
73400.0,Appartement,49.0,1.0,87,3,1
70000.0,Appartement,37.0,1.0,94,2,1
315000.0,Appartement,130.0,1.0,77,4,1
247540.0,Appartement,74.0,1.0,97,3,1
27500.0,Local industriel. commercial ou assimilé,13.0,1.0,83,0,3
78000.0,Appartement,22.0,1.0,98,1,1
50000.0,Appartement,49.0,1.0,79,2,1
215060.0,Appartement,90.0,1.0,93,4,1
71000.0,Local industriel. commercial ou assimilé,34.0,1.0,98,0,3
47000.0,Appartement,18.0,1.0,76,3,1
700000.0,Appartement,65.0,1.0,93,3,1
700000.0,Appartement,60.0,1.0,93,3,1
126500.0,Appartement,32.0,1.0,45,1,1
210000.0,Appartement,91.0,1.0,98,4,1
107000.0,Appartement,67.0,1.0,99,4,1
139000.0,Appartement,99.0,1.0,83,5,1
98000.0,Appartement,47.0,1.0,101,2,1
150000.0,Appartement,85.0,1.0,77,3,1
204250.0,Appartement,67.0,1.0,85,3,1
102700.0,Appartement,34.0,1.0,80,2,1
412000.0,Appartement,117.0,1.0,83,5,1
66866.25,Appartement,18.0,1.0,91,1,1
145000.0,Appartement,61.0,1.0,94,3,1
82000.0,Appartement,62.0,1.0,93,4,1
174000.0,Appartement,46.0,1.0,94,2,1
78120.0,Dépendance,0.0,310.0,90,0,2
78120.0,Dépendance,0.0,310.0,90,0,2
78120.0,Dépendance,0.0,310.0,90,0,2
78120.0,Dépendance,0.0,310.0,90,0,2
78120.0,Dépendance,0.0,310.0,90,0,2
78120.0,Dépendance,0.0,310.0,90,0,2
78120.0,Dépendance,0.0,310.0,90,0,2
78120.0,Dépendance,0.0,310.0,90,0,2
78120.0,Dépendance,0.0,310.0,90,0,2
78120.0,Dépendance,0.0,310.0,90,0,2
78120.0,Dépendance,0.0,310.0,90,0,2
78120.0,Dépendance,0.0,310.0,90,0,2
78120.0,Dépendance,0.0,310.0,90,0,2
78120.0,Dépendance,0.0,310.0,90,0,2
78120.0,Appartement,60.0,310.0,90,3,1
78120.0,Appartement,59.0,310.0,90,3,1
78120.0,Appartement,60.0,310.0,90,3,1
78120.0,Appartement,59.0,310.0,90,3,1
78120.0,Appartement,59.0,310.0,90,3,1
78120.0,Appartement,60.0,310.0,90,3,1
78120.0,Appartement,60.0,310.0,90,3,1
78120.0,Appartement,59.0,310.0,90,3,1
78120.0,Appartement,59.0,310.0,90,3,1
78120.0,Appartement,60.0,310.0,90,3,1
78120.0,Appartement,60.0,310.0,90,3,1
78120.0,Appartement,60.0,310.0,90,3,1
78120.0,Appartement,59.0,310.0,90,3,1
78120.0,Appartement,60.0,310.0,90,3,1
78120.0,Appartement,59.0,310.0,90,3,1
78120.0,Appartement,60.0,310.0,90,3,1
78120.0,Dépendance,0.0,310.0,90,0,2
78120.0,Dépendance,0.0,310.0,90,0,2
78120.0,Dépendance,0.0,311.0,90,0,2
78120.0,Dépendance,0.0,311.0,90,0,2
78120.0,Dépendance,0.0,311.0,90,0,2
78120.0,Dépendance,0.0,311.0,90,0,2
78120.0,Dépendance,0.0,311.0,90,0,2
78120.0,Dépendance,0.0,311.0,90,0,2
78120.0,Dépendance,0.0,311.0,90,0,2
78120.0,Dépendance,0.0,311.0,90,0,2
78120.0,Dépendance,0.0,311.0,90,0,2
78120.0,Dépendance,0.0,311.0,90,0,2
78120.0,Dépendance,0.0,311.0,90,0,2
78120.0,Dépendance,0.0,311.0,90,0,2
78120.0,Dépendance,0.0,311.0,90,0,2
78120.0,Dépendance,0.0,311.0,90,0,2
78120.0,Dépendance,0.0,311.0,90,0,2
78120.0,Dépendance,0.0,311.0,90,0,2
78120.0,Appartement,59.0,311.0,90,3,1
78120.0,Appartement,59.0,311.0,90,3,1
78120.0,Appartement,59.0,311.0,90,3,1
78120.0,Appartement,59.0,311.0,90,3,1
78120.0,Appartement,59.0,311.0,90,3,1
78120.0,Appartement,59.0,311.0,90,3,1
78120.0,Appartement,59.0,311.0,90,3,1
78120.0,Appartement,59.0,311.0,90,3,1
78120.0,Appartement,59.0,311.0,90,3,1
78120.0,Appartement,59.0,311.0,90,3,1
78120.0,Appartement,59.0,311.0,90,3,1
78120.0,Appartement,60.0,311.0,90,3,1
78120.0,Appartement,59.0,311.0,90,3,1
78120.0,Appartement,59.0,311.0,90,3,1
78120.0,Appartement,59.0,311.0,90,3,1
78120.0,Appartement,59.0,311.0,90,3,1
30000.0,Maison,60.0,1.0,92,3,4
190000.0,Appartement,56.0,1.0,84,2,1
168000.0,Appartement,133.0,1.0,97,6,1
105500.0,Appartement,42.0,1.0,83,2,1
88000.0,Appartement,49.0,1.0,73,3,1
77800.0,Appartement,27.0,1.0,69,1,1
228750.0,Appartement,68.0,1.0,66,3,1
67500.0,Appartement,45.0,1.0,86,2,1
420250.0,Maison,111.0,1.0,87,5,4
77000.0,Appartement,118.0,1.0,84,4,1
97000.0,Local industriel. commercial ou assimilé,49.0,1.0,85,0,3
245000.0,Appartement,91.0,1.0,97,4,1
150000.0,Local industriel. commercial ou assimilé,52.0,1.0,91,0,3
321000.0,Appartement,98.0,1.0,90,4,1
108550.0,Appartement,46.0,1.0,98,2,1
280000.0,Appartement,85.0,1.0,90,4,1
38020.0,Appartement,19.0,1.0,93,1,1
252700.0,Appartement,94.0,1.0,97,3,1
146000.0,Appartement,51.0,1.0,85,2,1
132000.0,Appartement,60.0,1.0,84,2,1
90000.0,Appartement,42.0,1.0,106,2,1
135000.0,Appartement,89.0,1.0,98,4,1
282000.0,Dépendance,0.0,324.0,93,0,2
282000.0,Maison,92.0,324.0,93,4,4
163400.0,Appartement,83.0,1.0,101,3,1
190000.0,Appartement,90.0,1.0,97,4,1
235000.0,Appartement,96.0,1.0,106,6,1
181900.0,Local industriel. commercial ou assimilé,13.0,1.0,100,0,3
181900.0,Appartement,54.0,1.0,100,2,1
102000.0,Appartement,62.0,1.0,99,4,1
265000.0,Appartement,120.0,1.0,105,3,1
287500.0,Appartement,92.0,1.0,99,4,1
159100.0,Appartement,43.0,1.0,105,2,1
155000.0,Appartement,83.0,1.0,92,4,1
66000.0,Appartement,50.0,1.0,83,3,1
151385.0,Appartement,50.0,1.0,90,2,1
117800.0,Appartement,58.0,1.0,90,3,1
78000.0,Appartement,70.0,1.0,87,4,1
78000.0,Appartement,55.0,1.0,87,3,1
60000.0,Appartement,25.0,1.0,76,2,1
70000.0,Appartement,70.0,1.0,80,4,1
320000.0,Local industriel. commercial ou assimilé,114.0,1.0,87,0,3
185000.0,Appartement,102.0,1.0,99,4,1
159950.0,Appartement,61.0,1.0,105,4,1
227250.0,Appartement,78.0,1.0,98,5,1
239227.0,Appartement,77.0,1.0,94,4,1
76400.0,Appartement,28.0,1.0,105,1,1
155000.0,Appartement,49.0,1.0,98,2,1
140840.0,Appartement,68.0,1.0,91,3,1
137000.0,Appartement,56.0,1.0,91,1,1
142350.0,Appartement,38.0,1.0,87,2,1
148820.0,Appartement,45.0,1.0,94,2,1
66430.0,Local industriel. commercial ou assimilé,49.0,1.0,97,0,3
110000.0,Appartement,53.0,1.0,106,3,1
210000.0,Appartement,33.0,1.0,105,1,1
210000.0,Appartement,35.0,1.0,105,1,1
80500.0,Appartement,17.0,1.0,106,1,1
119000.0,Appartement,89.0,1.0,93,4,1
75000.0,Appartement,21.0,1.0,106,1,1
78900.0,Appartement,59.0,1.0,108,3,1
73000.0,Appartement,25.0,1.0,107,1,1
270000.0,Appartement,22.0,1.0,104,1,1
270000.0,Appartement,84.0,1.0,104,3,1
85000.0,Appartement,22.0,1.0,108,1,1
95500.0,Appartement,62.0,1.0,84,4,1
248556.0,Appartement,67.0,1.0,84,3,1
65000.0,Appartement,22.0,1.0,98,1,1
168800.0,Appartement,200.0,1.0,105,7,1
128200.0,Appartement,73.0,1.0,98,4,1
95000.0,Appartement,47.0,1.0,91,3,1
330000.0,Appartement,129.0,1.0,94,5,1
205000.0,Appartement,76.0,1.0,94,4,1
119500.0,Local industriel. commercial ou assimilé,736.0,1.0,92,0,3
62260.0,Appartement,75.0,1.0,83,3,1
110000.0,Appartement,82.0,1.0,87,4,1
80000.0,Local industriel. commercial ou assimilé,53.0,1.0,92,0,3
90500.0,Appartement,46.0,1.0,112,2,1
80000.0,Appartement,30.0,1.0,104,1,1
295000.0,Appartement,81.0,1.0,104,4,1
60000.0,Appartement,51.0,1.0,86,3,1
120000.0,Appartement,53.0,1.0,108,3,1
177000.0,Appartement,55.0,1.0,104,3,1
101770.0,Appartement,28.0,1.0,86,2,1
48000.0,Appartement,21.0,1.0,113,1,1
251600.0,Appartement,73.0,1.0,104,3,1
354000.0,Appartement,56.0,1.0,107,3,1
87000.0,Appartement,22.0,1.0,113,1,1
135400.0,Appartement,82.0,1.0,106,4,1
164000.0,Appartement,63.0,1.0,93,3,1
184750.0,Appartement,85.0,1.0,107,4,1
60800.0,Appartement,72.0,1.0,108,3,1
67900.0,Local industriel. commercial ou assimilé,20.0,1.0,83,0,3
80023.0,Local industriel. commercial ou assimilé,20.0,1.0,83,0,3
75000.0,Appartement,84.0,1.0,100,5,1
179000.0,Appartement,66.0,1.0,100,3,1
53000.0,Appartement,20.0,1.0,100,1,1
35000.0,Appartement,38.0,1.0,94,2,1
558445.0,Maison,122.0,464.0,107,5,4
137190.0,Appartement,45.0,1.0,93,2,1
191900.0,Appartement,81.0,1.0,105,5,1
285700.0,Appartement,84.0,1.0,107,3,1
130000.0,Appartement,48.0,1.0,104,1,1
260000.0,Appartement,76.0,1.0,84,3,1
72000.0,Appartement,58.0,1.0,91,3,1
305000.0,Appartement,90.0,1.0,97,4,1
226850.0,Appartement,71.0,1.0,90,4,1
106010.0,Appartement,39.0,1.0,115,2,1
82500.0,Appartement,61.0,1.0,91,4,1
280000.0,Appartement,135.0,1.0,93,5,1
169000.0,Appartement,59.0,1.0,113,2,1
160000.0,Appartement,97.0,1.0,98,4,1
220000.0,Dépendance,0.0,326.0,112,0,2
220000.0,Maison,67.0,326.0,112,3,4
192000.0,Appartement,87.0,1.0,101,4,1
100000.0,Appartement,37.0,1.0,100,2,1
140200.0,Appartement,55.0,1.0,94,3,1
68000.0,Appartement,18.0,1.0,90,1,1
105300.0,Appartement,29.0,1.0,94,2,1
52500.0,Appartement,28.0,1.0,94,1,1
103600.0,Appartement,57.0,1.0,97,3,1
64000.0,Appartement,20.0,1.0,90,1,1
52000.0,Appartement,29.0,1.0,90,1,1
318000.0,Appartement,120.0,1.0,114,5,1
350000.0,Appartement,81.0,1.0,113,4,1
298000.0,Appartement,72.0,1.0,97,4,1
154400.0,Appartement,84.0,1.0,115,4,1
120000.0,Appartement,50.0,1.0,106,3,1
192000.0,Appartement,108.0,1.0,107,5,1
164000.0,Appartement,160.0,1.0,106,6,1
75000.0,Appartement,43.0,1.0,106,2,1
47025.0,Appartement,39.0,1.0,106,2,1
280900.0,Appartement,120.0,1.0,100,5,1
169000.0,Appartement,78.0,1.0,115,3,1
116500.0,Appartement,70.0,1.0,93,4,1
260000.0,Appartement,85.0,1.0,98,3,1
128000.0,Appartement,71.0,1.0,112,2,1
35000.0,Local industriel. commercial ou assimilé,24.0,1.0,91,0,3
120000.0,Appartement,48.0,1.0,97,2,1
240000.0,Maison,146.0,155.0,94,5,4
208150.0,Appartement,49.0,1.0,115,2,1
105000.0,Appartement,86.0,1.0,101,4,1
185800.0,Appartement,78.0,1.0,99,2,1
105000.0,Appartement,52.0,1.0,94,3,1
59000.0,Local industriel. commercial ou assimilé,44.0,1.0,112,0,3
188250.0,Appartement,82.0,1.0,112,4,1
230000.0,Dépendance,0.0,415.0,104,0,2
230000.0,Dépendance,0.0,415.0,104,0,2
230000.0,Maison,75.0,415.0,104,3,4
230000.0,Dépendance,0.0,415.0,104,0,2
440000.0,Dépendance,0.0,112.0,99,0,2
440000.0,Appartement,180.0,112.0,99,4,1
440000.0,Dépendance,0.0,112.0,99,0,2
132950.0,Appartement,69.0,1.0,118,3,1
208200.0,Appartement,68.0,1.0,112,3,1
330000.0,Appartement,166.0,1.0,112,4,1
183200.0,Appartement,54.0,1.0,100,3,1
173300.0,Appartement,68.0,1.0,98,3,1
180000.0,Appartement,73.0,1.0,118,3,1
118750.0,Appartement,60.0,1.0,97,3,1
114661.0,Appartement,53.0,1.0,99,3,1
81000.0,Appartement,50.0,1.0,105,3,1
160000.0,Local industriel. commercial ou assimilé,82.0,1.0,105,0,3
58350.0,Appartement,18.0,1.0,106,1,1
110000.0,Appartement,16.0,1.0,112,1,1
110000.0,Appartement,16.0,1.0,112,1,1
245000.0,Appartement,83.0,1.0,113,3,1
90000.0,Appartement,41.0,1.0,93,1,1
133000.0,Local industriel. commercial ou assimilé,70.0,1.0,113,0,3
234000.0,Local industriel. commercial ou assimilé,80.0,85.0,104,0,3
93500.0,Appartement,63.0,1.0,122,3,1
87000.0,Appartement,55.0,1.0,112,2,1
127650.0,Appartement,67.0,1.0,104,4,1
184150.0,Appartement,47.0,1.0,114,2,1
449000.0,Appartement,101.0,1.0,100,4,1
135500.0,Appartement,49.0,1.0,101,3,1
94050.0,Appartement,44.0,1.0,114,2,1
90000.0,Appartement,35.0,1.0,112,1,1
82000.0,Appartement,29.0,1.0,119,1,1
100000.0,Appartement,61.0,1.0,97,3,1
191800.0,Appartement,80.0,1.0,118,3,1
479000.0,Maison,68.0,270.0,108,3,4
118000.0,Appartement,60.0,1.0,101,2,1
115890.0,Appartement,64.0,1.0,115,3,1
250000.0,Appartement,63.0,1.0,112,3,1
112485.0,Local industriel. commercial ou assimilé,12.0,1.0,108,0,3
112485.0,Appartement,30.0,1.0,108,1,1
117000.0,Appartement,34.0,1.0,106,1,1
70000.0,Appartement,82.0,1.0,106,4,1
135550.0,Appartement,53.0,1.0,120,2,1
51000.0,Appartement,26.0,1.0,126,1,1
190000.0,Appartement,73.0,1.0,101,3,1
90000.0,Appartement,37.0,1.0,113,1,1
301000.0,Appartement,150.0,1.0,108,5,1
434000.0,Appartement,109.0,1.0,107,4,1
242600.0,Appartement,88.0,1.0,101,4,1
214000.0,Appartement,95.0,1.0,119,4,1
191500.0,Appartement,79.0,1.0,113,3,1
100000.0,Appartement,35.0,1.0,119,1,1
297000.0,Appartement,68.0,1.0,105,3,1
213200.0,Appartement,68.0,1.0,119,3,1
255885.0,Appartement,78.0,1.0,118,3,1
64000.0,Appartement,18.0,1.0,108,1,1
229600.0,Appartement,68.0,1.0,118,3,1
37741.0,Appartement,14.0,1.0,118,1,1
171000.0,Appartement,63.0,1.0,120,3,1
131460.0,Appartement,51.0,1.0,112,3,1
243000.0,Appartement,80.0,1.0,107,3,1
126258.0,Local industriel. commercial ou assimilé,8.0,1.0,127,0,3
126258.0,Local industriel. commercial ou assimilé,81.0,1.0,127,0,3
115000.0,Appartement,52.0,1.0,126,2,1
169450.0,Appartement,47.0,1.0,115,2,1
52450.0,Appartement,16.0,1.0,126,1,1
100000.0,Appartement,75.0,1.0,104,3,1
109850.0,Appartement,25.0,1.0,80,1,1
356000.0,Appartement,109.0,1.0,112,4,1
139000.0,Appartement,17.0,1.0,100,1,1
139000.0,Appartement,47.0,1.0,100,2,1
179000.0,Appartement,49.0,1.0,126,2,1
43050.0,Appartement,12.0,1.0,122,1,1
15000.0,Appartement,11.0,1.0,122,1,1
270000.0,Appartement,98.0,1.0,119,3,1
158040.0,Appartement,75.0,1.0,118,3,1
104000.0,Appartement,53.0,1.0,126,2,1
95000.0,Appartement,35.0,1.0,115,1,1
140000.0,Appartement,50.0,1.0,114,2,1
210000.0,Appartement,93.0,1.0,114,4,1
177750.0,Appartement,96.0,1.0,133,3,1
63500.0,Appartement,66.0,1.0,119,4,1
95000.0,Local industriel. commercial ou assimilé,67.0,1.0,127,0,3
71000.0,Appartement,24.0,1.0,114,1,1
224000.0,Appartement,78.0,1.0,125,4,1
169500.0,Appartement,78.0,1.0,114,2,1
125400.0,Appartement,67.0,1.0,126,3,1
450000.0,Local industriel. commercial ou assimilé,330.0,311.0,133,0,3
62760.0,Local industriel. commercial ou assimilé,20.0,1.0,120,0,3
223000.0,Appartement,70.0,1.0,132,3,1
121680.0,Appartement,46.0,1.0,119,2,1
75600.0,Appartement,60.0,1.0,107,3,1
207350.0,Appartement,70.0,1.0,125,3,1
52300.0,Appartement,27.0,1.0,126,1,1
233750.0,Appartement,69.0,1.0,126,3,1
55000.0,Appartement,18.0,1.0,125,1,1
130750.0,Appartement,49.0,1.0,126,2,1
135000.0,Appartement,65.0,1.0,113,3,1
328640.0,Dépendance,0.0,592.0,108,0,2
328640.0,Maison,79.0,592.0,108,4,4
205000.0,Local industriel. commercial ou assimilé,5.0,1.0,106,0,3
205000.0,Local industriel. commercial ou assimilé,106.0,1.0,106,0,3
205000.0,Local industriel. commercial ou assimilé,5.0,1.0,106,0,3
205000.0,Local industriel. commercial ou assimilé,5.0,1.0,106,0,3
90000.0,Appartement,52.0,1.0,118,2,1
289000.0,Appartement,71.0,387.0,135,3,1
289000.0,Appartement,71.0,387.0,135,3,1
289000.0,Dépendance,0.0,387.0,135,0,2
289000.0,Dépendance,0.0,387.0,135,0,2
289000.0,Dépendance,0.0,387.0,135,0,2
130500.0,Appartement,55.0,1.0,120,2,1
199500.0,Appartement,66.0,1.0,106,4,1
135500.0,Appartement,76.0,1.0,127,4,1
149000.0,Appartement,73.0,1.0,120,3,1
95000.0,Appartement,56.0,1.0,108,3,1
78500.0,Local industriel. commercial ou assimilé,21.0,1.0,120,0,3
80320.0,Appartement,21.0,1.0,114,1,1
178000.0,Appartement,59.0,1.0,132,2,1
155000.0,Appartement,85.0,1.0,120,4,1
96000.0,Appartement,34.0,1.0,118,1,1
190000.0,Local industriel. commercial ou assimilé,99.0,1.0,126,0,3
38000.0,Appartement,32.0,1.0,120,1,1
115325.0,Appartement,60.0,1.0,97,3,1
180000.0,Maison,70.0,102.0,125,3,4
53680.0,Appartement,14.0,1.0,126,1,1
75400.0,Appartement,51.0,1.0,132,3,1
130000.0,Appartement,57.0,1.0,115,3,1
129000.0,Appartement,55.0,1.0,118,2,1
78300.0,Appartement,22.0,1.0,126,1,1
82000.0,Appartement,35.0,1.0,134,1,1
126516.0,Appartement,63.0,1.0,126,3,1
210000.0,Appartement,88.0,1.0,118,4,1
164161.0,Appartement,43.0,1.0,134,2,1
59900.0,Appartement,26.0,1.0,133,1,1
128000.0,Appartement,63.0,1.0,134,3,1
112000.0,Appartement,72.0,1.0,118,4,1
50000.0,Appartement,31.0,1.0,120,1,1
99400.0,Appartement,40.0,1.0,113,2,1
182600.0,Appartement,78.0,1.0,113,5,1
83000.0,Appartement,52.0,1.0,113,3,1
190000.0,Appartement,95.0,1.0,119,3,1
60069.0,Local industriel. commercial ou assimilé,23.0,1.0,141,0,3
147000.0,Appartement,40.0,1.0,118,2,1
100000.0,Local industriel. commercial ou assimilé,34.0,1.0,112,0,3
100000.0,Appartement,25.0,1.0,112,1,1
153000.0,Appartement,44.0,1.0,136,1,1
113142.0,Local industriel. commercial ou assimilé,16.0,1.0,127,0,3
113142.0,Local industriel. commercial ou assimilé,69.0,1.0,127,0,3
68653.0,Local industriel. commercial ou assimilé,19.0,1.0,113,0,3
268800.0,Appartement,137.0,1.0,114,8,1
205000.0,Appartement,65.0,1.0,132,3,1
101140.0,Appartement,29.0,1.0,118,2,1
85000.0,Appartement,45.0,1.0,127,1,1
85000.0,Appartement,37.0,1.0,127,2,1
85000.0,Appartement,53.0,1.0,127,2,1
203400.0,Appartement,95.0,1.0,133,3,1
80000.0,Appartement,51.0,1.0,132,2,1
156000.0,Local industriel. commercial ou assimilé,85.0,1.0,132,0,3
139000.0,Local industriel. commercial ou assimilé,201.0,1.0,105,0,3
110000.0,Appartement,43.0,1.0,115,1,1
120000.0,Appartement,76.0,1.0,133,4,1
364700.0,Appartement,140.0,1.0,133,6,1
295000.0,Local industriel. commercial ou assimilé,80.0,1.0,135,0,3
295000.0,Dépendance,0.0,222.0,135,0,2
295000.0,Appartement,62.0,1.0,135,3,1
49000.0,Local industriel. commercial ou assimilé,40.0,1.0,118,0,3
84980.0,Appartement,32.0,1.0,112,2,1
162000.0,Appartement,109.0,1.0,112,5,1
72500.0,Appartement,31.0,1.0,115,2,1
99000.0,Appartement,48.0,1.0,134,2,1
168225.0,Appartement,75.0,1.0,136,3,1
46500.0,Appartement,25.0,1.0,142,1,1
180000.0,Appartement,22.0,1.0,127,1,1
180000.0,Appartement,20.0,1.0,127,1,1
180000.0,Appartement,17.0,1.0,127,1,1
313500.0,Appartement,90.0,1.0,126,4,1
108000.0,Appartement,87.0,1.0,115,3,1
120000.0,Appartement,57.0,1.0,134,2,1
147500.0,Appartement,52.0,1.0,113,2,1
110000.0,Appartement,54.0,1.0,141,3,1
68000.0,Appartement,21.0,1.0,139,1,1
266950.0,Appartement,115.0,1.0,133,4,1
88000.0,Appartement,55.0,1.0,142,2,1
115000.0,Appartement,39.0,1.0,135,2,1
165000.0,Appartement,46.0,1.0,142,2,1
80000.0,Appartement,36.0,1.0,133,1,1
92350.0,Appartement,52.0,1.0,135,3,1
164500.0,Appartement,66.0,1.0,141,3,1
190000.0,Appartement,57.0,1.0,136,2,1
118500.0,Appartement,34.0,1.0,139,1,1
138100.0,Appartement,40.0,1.0,136,1,1
61000.0,Appartement,23.0,1.0,142,1,1
220000.0,Local industriel. commercial ou assimilé,104.0,1.0,92,0,3
89000.0,Appartement,75.0,1.0,148,3,1
217800.0,Appartement,85.0,1.0,125,3,1
80835.0,Appartement,56.0,1.0,146,3,1
240000.0,Appartement,160.0,1.0,132,6,1
110000.0,Appartement,65.0,1.0,143,2,1
47500.0,Appartement,19.0,1.0,148,1,1
129000.0,Appartement,40.0,1.0,148,1,1
86000.0,Appartement,70.0,1.0,139,3,1
67000.0,Appartement,60.0,1.0,147,3,1
235700.0,Appartement,74.0,1.0,134,3,1
60000.0,Appartement,23.0,1.0,146,1,1
75170.0,Appartement,41.0,1.0,142,1,1
121000.0,Appartement,60.0,1.0,147,3,1
220500.0,Appartement,54.0,1.0,134,2,1
80000.0,Appartement,41.0,1.0,126,2,1
130000.0,Appartement,58.0,1.0,136,4,1
196000.0,Appartement,84.0,1.0,142,3,1
51000.0,Appartement,18.0,1.0,136,1,1
130000.0,Appartement,71.0,1.0,143,3,1
223400.0,Appartement,89.0,1.0,147,3,1
143700.0,Appartement,59.0,1.0,141,2,1
118965.0,Appartement,59.0,1.0,148,3,1
207100.0,Appartement,61.0,1.0,133,2,1
100000.0,Appartement,55.0,1.0,148,3,1
175000.0,Appartement,60.0,1.0,147,2,1
61000.0,Local industriel. commercial ou assimilé,48.0,1.0,148,0,3
215000.0,Appartement,90.0,1.0,113,4,1
197000.0,Appartement,85.0,1.0,126,4,1
90500.0,Appartement,28.0,1.0,94,2,1
170000.0,Appartement,86.0,1.0,141,4,1
170000.0,Appartement,108.0,1.0,141,5,1
129000.0,Appartement,56.0,1.0,101,3,1
120000.0,Appartement,68.0,1.0,126,4,1
568000.0,Appartement,190.0,1.0,148,5,1
83000.0,Appartement,45.0,1.0,148,2,1
121000.0,Appartement,62.0,1.0,150,3,1
74864.0,Local industriel. commercial ou assimilé,22.0,1.0,155,0,3
315880.0,Appartement,85.0,1.0,154,4,1
130000.0,Appartement,75.0,1.0,147,5,1
138550.0,Local industriel. commercial ou assimilé,68.0,1.0,143,0,3
121000.0,Appartement,65.0,1.0,147,4,1
210900.0,Appartement,73.0,1.0,148,3,1
124000.0,Appartement,49.0,1.0,148,3,1
109400.0,Appartement,39.0,1.0,147,1,1
232000.0,Appartement,71.0,1.0,135,3,1
135000.0,Appartement,51.0,1.0,136,3,1
258000.0,Appartement,89.0,1.0,132,3,1
80000.0,Appartement,31.0,1.0,147,1,1
330500.0,Appartement,105.0,1.0,134,3,1
305400.0,Appartement,90.0,1.0,147,3,1
2000.0,Local industriel. commercial ou assimilé,88.0,1.0,148,0,3
148500.0,Appartement,80.0,1.0,147,4,1
130000.0,Appartement,50.0,1.0,147,2,1
205400.0,Appartement,60.0,1.0,148,3,1
110000.0,Local industriel. commercial ou assimilé,42.0,1.0,139,0,3
110000.0,Local industriel. commercial ou assimilé,106.0,1.0,139,0,3
254000.0,Appartement,86.0,1.0,148,4,1
52000.0,Appartement,27.0,1.0,155,1,1
120150.0,Appartement,50.0,1.0,133,2,1
141000.0,Appartement,64.0,1.0,135,4,1
273100.0,Appartement,67.0,1.0,162,3,1
195000.0,Appartement,82.0,1.0,147,3,1
174000.0,Appartement,60.0,1.0,142,3,1
165500.0,Appartement,62.0,1.0,148,3,1
212750.0,Appartement,86.0,1.0,134,4,1
103000.0,Appartement,67.0,1.0,148,3,1
125000.0,Appartement,47.0,1.0,135,2,1
120000.0,Appartement,83.0,1.0,147,2,1
128500.0,Appartement,85.0,1.0,132,4,1
600000.0,Local industriel. commercial ou assimilé,650.0,1.0,148,0,3
246500.0,Appartement,105.0,1.0,142,4,1
133000.0,Appartement,36.0,1.0,147,2,1
127850.0,Appartement,54.0,1.0,147,2,1
79900.0,Local industriel. commercial ou assimilé,19.0,1.0,163,0,3
68000.0,Appartement,18.0,1.0,162,1,1
45000.0,Local industriel. commercial ou assimilé,40.0,1.0,162,0,3
187000.0,Dépendance,0.0,445.0,147,0,2
187000.0,Dépendance,0.0,445.0,147,0,2
187000.0,Dépendance,0.0,445.0,147,0,2
187000.0,Dépendance,0.0,445.0,147,0,2
187000.0,Dépendance,0.0,445.0,147,0,2
187000.0,Dépendance,0.0,445.0,147,0,2
187000.0,Dépendance,0.0,445.0,147,0,2
126000.0,Appartement,38.0,1.0,148,1,1
161100.0,Appartement,43.0,1.0,157,2,1
176350.0,Appartement,76.0,1.0,148,3,1
176250.0,Appartement,100.0,1.0,143,4,1
50000.0,Appartement,57.0,1.0,150,3,1
610000.0,Local industriel. commercial ou assimilé,350.0,1.0,146,0,3
171500.0,Appartement,73.0,1.0,148,3,1
240000.0,Appartement,100.0,1.0,142,4,1
90000.0,Appartement,34.0,1.0,148,1,1
96600.0,Appartement,31.0,1.0,147,1,1
142000.0,Appartement,58.0,1.0,146,4,1
49000.0,Appartement,18.0,1.0,148,1,1
115000.0,Appartement,60.0,1.0,156,2,1
70500.0,Appartement,26.0,1.0,141,1,1
81100.0,Appartement,86.0,1.0,156,4,1
75200.0,Appartement,55.0,1.0,148,3,1
297700.0,Appartement,130.0,1.0,143,5,1
77890.0,Appartement,54.0,1.0,162,3,1
90000.0,Appartement,78.0,1.0,154,4,1
71500.0,Appartement,18.0,1.0,150,1,1
243040.0,Appartement,96.0,1.0,143,5,1
119500.0,Appartement,66.0,1.0,146,4,1
105000.0,Appartement,51.0,1.0,146,1,1
50000.0,Appartement,18.0,1.0,147,1,1
56100.0,Appartement,22.0,1.0,143,1,1
106200.0,Appartement,24.0,1.0,148,1,1
261750.0,Appartement,80.0,1.0,143,3,1
109250.0,Appartement,28.0,1.0,169,2,1
47000.0,Appartement,16.0,1.0,162,1,1
228000.0,Appartement,20.0,1.0,143,1,1
228000.0,Appartement,20.0,1.0,143,1,1
228000.0,Appartement,20.0,1.0,143,1,1
228000.0,Appartement,16.0,1.0,143,1,1
228000.0,Appartement,18.0,1.0,143,1,1
228000.0,Appartement,20.0,1.0,143,1,1
8000.0,Appartement,180.0,1.0,168,6,1
244450.0,Appartement,67.0,1.0,148,3,1
98000.0,Appartement,30.0,1.0,148,1,1
64510.0,Appartement,21.0,1.0,148,1,1
380000.0,Appartement,147.0,1.0,161,4,1
99000.0,Appartement,25.0,1.0,169,1,1
170000.0,Appartement,68.0,1.0,162,4,1
315000.0,Local industriel. commercial ou assimilé,110.0,1.0,167,0,3
77500.0,Appartement,20.0,1.0,162,1,1
77500.0,Appartement,16.0,1.0,162,1,1
77500.0,Appartement,16.0,1.0,162,1,1
79000.0,Appartement,28.0,1.0,157,1,1
215000.0,Appartement,75.0,1.0,148,3,1
105000.0,Appartement,68.0,1.0,148,4,1
134100.0,Appartement,50.0,1.0,148,2,1
308400.0,Appartement,115.0,1.0,148,3,1
175000.0,Local industriel. commercial ou assimilé,106.0,1.0,148,0,3
89000.0,Appartement,47.0,1.0,148,2,1
370000.0,Dépendance,0.0,40.0,147,0,2
370000.0,Dépendance,0.0,40.0,147,0,2
370000.0,Dépendance,0.0,40.0,147,0,2
370000.0,Dépendance,0.0,40.0,147,0,2
370000.0,Dépendance,0.0,40.0,147,0,2
370000.0,Appartement,14.0,40.0,147,1,1
370000.0,Dépendance,0.0,40.0,147,0,2
370000.0,Dépendance,0.0,40.0,147,0,2
370000.0,Appartement,14.0,40.0,147,1,1
370000.0,Appartement,14.0,40.0,147,1,1
370000.0,Appartement,14.0,40.0,147,1,1
370000.0,Appartement,14.0,40.0,147,1,1
370000.0,Appartement,14.0,40.0,147,1,1
370000.0,Appartement,14.0,40.0,147,1,1
71400.0,Appartement,28.0,1.0,157,1,1
136500.0,Appartement,45.0,1.0,148,2,1
115000.0,Appartement,45.0,1.0,163,3,1
109800.0,Appartement,37.0,1.0,171,1,1
124000.0,Appartement,71.0,1.0,146,3,1
220000.0,Appartement,123.0,1.0,164,5,1
61840.0,Appartement,19.0,1.0,139,1,1
42000.0,Appartement,15.0,1.0,174,1,1
137000.0,Appartement,85.0,1.0,167,4,1
51000.0,Appartement,13.0,1.0,147,1,1
51000.0,Appartement,9.0,1.0,147,1,1
61800.0,Appartement,14.0,1.0,156,1,1
151165.0,Appartement,48.0,1.0,156,2,1
88000.0,Appartement,53.0,1.0,157,3,1
114400.0,Appartement,29.0,1.0,178,1,1
155000.0,Local industriel. commercial ou assimilé,254.0,1.0,177,0,3
194000.0,Appartement,50.0,1.0,174,2,1
230000.0,Appartement,111.0,1.0,177,4,1
66000.0,Appartement,15.0,1.0,175,1,1
81000.0,Appartement,24.0,1.0,177,1,1
67160.0,Appartement,32.0,1.0,162,1,1
100000.0,Appartement,66.0,1.0,174,4,1
68000.0,Appartement,28.0,1.0,174,2,1
75000.0,Appartement,28.0,1.0,181,1,1
206613.0,Appartement,76.0,1.0,176,3,1
110000.0,Local industriel. commercial ou assimilé,29.0,1.0,178,0,3
110000.0,Local industriel. commercial ou assimilé,15.0,1.0,178,0,3
12000.0,Appartement,27.0,1.0,162,2,1
115000.0,Appartement,70.0,1.0,162,4,1
100000.0,Appartement,30.0,1.0,161,1,1
55000.0,Appartement,18.0,1.0,147,1,1
75000.0,Appartement,28.0,1.0,177,1,1
137500.0,Appartement,61.0,1.0,168,4,1
85000.0,Appartement,58.0,1.0,175,3,1
68400.0,Appartement,27.0,1.0,86,1,1
130000.0,Appartement,37.0,1.0,174,1,1
